feature_set,feature_index,feature,tuey_mean,daal_mean,absolute_difference,effect_size
V2,107,V2_Feature_107,0.13143569,0.16363543,0.03219974,1.2163401
Geometry,134,tip_distance_16_20,0.21349408,0.26430666,0.050812587,1.0550308
V2,77,V2_Feature_77,0.21100074,0.24223156,0.031230822,0.96966153
V2,96,V2_Feature_96,0.89452416,1.0088109,0.11428672,0.942561
V2,78,V2_Feature_78,0.1462381,0.1685976,0.02235949,0.89165545
Geometry,136,tip_distance_4_16,0.3543461,0.47381762,0.11947152,0.8689462
V2,100,V2_Feature_100,0.22076268,0.29534027,0.074577585,0.84496886
Geometry,168,joint_angle_8,2.9545305,2.9909132,0.036382675,0.8219591
V2,90,V2_Feature_90,0.9404562,0.9520371,0.011580884,0.8219545
V2,73,V2_Feature_73,0.22090374,0.24995504,0.029051304,0.81520736
V2,97,V2_Feature_97,0.7934921,0.8832901,0.08979803,0.7414929
Geometry,53,relative_landmark_17_z,-0.24497496,-0.30058792,0.055612966,0.7301888
V2,53,V2_Feature_53,-0.24497496,-0.30058792,0.055612966,0.7301888
V2,56,V2_Feature_56,-0.3307657,-0.3941757,0.063410014,0.67165786
Geometry,56,relative_landmark_18_z,-0.3307657,-0.3941757,0.063410014,0.67165786
Geometry,41,relative_landmark_13_z,-0.18380553,-0.22450775,0.040702224,0.6694978
V2,41,V2_Feature_41,-0.18380553,-0.22450775,0.040702224,0.6694978
V2,74,V2_Feature_74,0.1578907,0.17751087,0.019620165,0.6655295
V2,81,V2_Feature_81,0.16665617,0.18846822,0.021812052,0.65644217
V2,82,V2_Feature_82,0.12647258,0.14418472,0.017712146,0.65428776
Geometry,59,relative_landmark_19_z,-0.34846845,-0.41013908,0.06167063,0.6427715
V2,59,V2_Feature_59,-0.34846845,-0.41013908,0.06167063,0.6427715
V2,85,V2_Feature_85,0.96476436,0.94665724,0.018107116,0.6422675
Geometry,163,joint_angle_3,3.0308955,2.9740114,0.05688405,0.64225787
Geometry,91,normalized_landmark_9_y,-0.944726,-0.9130654,0.031660616,0.62755585
Geometry,159,wrist_to_tip_16,1.4602393,1.6244954,0.1642561,0.6213215
Geometry,129,tip_distance_0_16,1.4602393,1.6244954,0.1642561,0.6213215
V2,62,V2_Feature_62,-0.34884548,-0.4081681,0.059322625,0.6160005
Geometry,62,relative_landmark_20_z,-0.34884548,-0.4081681,0.059322625,0.6160005
Geometry,44,relative_landmark_14_z,-0.30492306,-0.35724446,0.052321404,0.6149386
V2,44,V2_Feature_44,-0.30492306,-0.35724446,0.052321404,0.6149386
V2,47,V2_Feature_47,-0.33416295,-0.38615847,0.051995516,0.6036766
Geometry,47,relative_landmark_15_z,-0.33416295,-0.38615847,0.051995516,0.6036766
Geometry,152,ring_segment_3,0.23942481,0.27151227,0.03208746,0.59922415
V2,50,V2_Feature_50,-0.3358098,-0.38671014,0.05090034,0.5889735
Geometry,50,relative_landmark_16_z,-0.3358098,-0.38671014,0.05090034,0.5889735
V2,95,V2_Feature_95,0.97961956,1.0667562,0.087136686,0.585624
Geometry,151,ring_segment_2,0.34655923,0.38993442,0.043375194,0.582213
Geometry,79,normalized_landmark_5_y,-0.965821,-0.9347953,0.031025708,0.5714553
V2,76,V2_Feature_76,0.36273083,0.39456347,0.031832635,0.56960887
Geometry,116,normalized_landmark_17_z,-0.40409806,-0.48335266,0.0792546,0.55379313
Geometry,104,normalized_landmark_13_z,-0.3023319,-0.3590749,0.056742996,0.54542935
Geometry,135,tip_distance_4_12,0.40706453,0.48839587,0.08133134,0.54487854
V2,63,V2_Feature_63,0.31423712,0.34943387,0.03519675,0.53902024
V2,102,V2_Feature_102,0.5897496,0.66237754,0.07262796,0.5351026
V2,80,V2_Feature_80,0.28176105,0.3042548,0.02249375,0.52668476
Geometry,171,thumb_joint_angle_1,2.75016,2.704728,0.04543209,0.5260745
V2,99,V2_Feature_99,0.25342405,0.3044605,0.051036447,0.5182826
V2,66,V2_Feature_66,0.1428445,0.15483806,0.011993557,0.50721186
Geometry,119,normalized_landmark_18_z,-0.5440688,-0.6335035,0.08943468,0.5061626
V2,101,V2_Feature_101,0.26689404,0.31989646,0.053002417,0.50165594
Geometry,148,middle_segment_2,0.36235082,0.40245706,0.040106237,0.5003961
Geometry,149,middle_segment_3,0.2573713,0.2859688,0.028597504,0.49618956
V2,93,V2_Feature_93,0.8386208,0.8923984,0.053777635,0.49528652
Geometry,137,tip_distance_4_20,0.43007252,0.5166967,0.086624175,0.49432233
Geometry,122,normalized_landmark_19_z,-0.57152134,-0.6584859,0.08696455,0.4939092
Geometry,125,normalized_landmark_20_z,-0.5706969,-0.65467983,0.083982944,0.48865506
Geometry,130,tip_distance_0_20,1.2966788,1.423437,0.12675822,0.4798774
Geometry,160,wrist_to_tip_20,1.2966788,1.423437,0.12675822,0.4798774
V2,72,V2_Feature_72,0.37013456,0.3981986,0.028064042,0.47211874
Geometry,113,normalized_landmark_16_z,-0.5492184,-0.61721843,0.06800002,0.469096
V2,79,V2_Feature_79,0.49394143,0.5193908,0.025449395,0.46600047
V2,111,V2_Feature_111,0.49394143,0.5193908,0.025449395,0.46600047
Geometry,107,normalized_landmark_14_z,-0.5018195,-0.5719446,0.0701251,0.45944902
Geometry,110,normalized_landmark_15_z,-0.5483053,-0.617278,0.06897271,0.45526195
Geometry,133,tip_distance_12_16,0.17703399,0.12576316,0.051270828,0.4548793
Geometry,103,normalized_landmark_13_y,-0.82459503,-0.79232126,0.03227377,0.44825628
V2,38,V2_Feature_38,-0.35446346,-0.39997062,0.045507163,0.43920615
Geometry,38,relative_landmark_12_z,-0.35446346,-0.39997062,0.045507163,0.43920615
Geometry,170,joint_angle_10,3.0051064,3.0183473,0.013240814,0.43769795
V2,92,V2_Feature_92,0.9565551,0.96076983,0.004214704,0.43769693
V2,35,V2_Feature_35,-0.3238998,-0.3671914,0.0432916,0.43508545
Geometry,35,relative_landmark_11_z,-0.3238998,-0.3671914,0.0432916,0.43508545
Geometry,155,pinky_segment_3,0.20773107,0.23308763,0.025356561,0.43093988
V2,105,V2_Feature_105,0.11359114,0.078614876,0.034976266,0.4304004
Geometry,158,wrist_to_tip_12,1.5941453,1.717455,0.12330973,0.42999172
Geometry,128,tip_distance_0_12,1.5941453,1.717455,0.12330973,0.42999172
V2,32,V2_Feature_32,-0.25856146,-0.29662558,0.038064122,0.42026776
Geometry,32,relative_landmark_10_z,-0.25856146,-0.29662558,0.038064122,0.42026776
Geometry,154,pinky_segment_2,0.2738037,0.30415562,0.030351907,0.41788298
V2,84,V2_Feature_84,0.94804835,0.9640102,0.015961826,0.41692156
Geometry,162,joint_angle_2,2.9783823,3.0285277,0.050145388,0.41691864
Geometry,173,thumb_joint_angle_3,2.9783823,3.0285277,0.050145388,0.41691864
V2,112,V2_Feature_112,0.11264288,0.12650226,0.013859384,0.41021883
V2,88,V2_Feature_88,0.9400507,0.9491571,0.009106398,0.4098025
Geometry,166,joint_angle_6,2.9532568,2.981865,0.028608084,0.4097957
Geometry,143,thumb_segment_3,0.23212019,0.25011504,0.01799485,0.38401306
V2,4,V2_Feature_4,-0.13594519,-0.11743896,0.018506229,0.37532577
Geometry,4,relative_landmark_1_y,-0.13594519,-0.11743896,0.018506229,0.37532577
Geometry,29,relative_landmark_9_z,-0.12546988,-0.14949562,0.024025738,0.3619416
V2,29,V2_Feature_29,-0.12546988,-0.14949562,0.024025738,0.3619416
Geometry,68,normalized_landmark_1_z,-0.018076645,0.01488347,0.032960117,0.35751933
Geometry,94,normalized_landmark_10_y,-0.96148926,-0.9187235,0.042765737,0.35400546
Geometry,26,relative_landmark_8_z,-0.2913557,-0.33436975,0.04301405,0.3406226
V2,26,V2_Feature_26,-0.2913557,-0.33436975,0.04301405,0.3406226
V2,5,V2_Feature_5,-0.011769202,0.0076207,0.019389901,0.33923873
Geometry,5,relative_landmark_1_z,-0.011769202,0.0076207,0.019389901,0.33923873
V2,113,V2_Feature_113,0.11450683,0.12437711,0.009870276,0.33618152
Geometry,67,normalized_landmark_1_y,-0.21737109,-0.19175157,0.025619522,0.32880446
V2,69,V2_Feature_69,0.18467087,0.19190739,0.0072365254,0.32844466
Geometry,31,relative_landmark_10_y,-0.59400374,-0.5702798,0.02372396,0.327159
V2,31,V2_Feature_31,-0.59400374,-0.5702798,0.02372396,0.327159
V2,51,V2_Feature_51,0.024638133,0.06507798,0.04043985,0.32381368
Geometry,51,relative_landmark_17_x,0.024638133,0.06507798,0.04043985,0.32381368
Geometry,132,tip_distance_8_12,0.97888166,1.0688252,0.08994359,0.31788102
Geometry,92,normalized_landmark_9_z,-0.20532833,-0.23654677,0.03121844,0.31066558
Geometry,95,normalized_landmark_10_z,-0.42621005,-0.47255048,0.046340436,0.3082165
Geometry,71,normalized_landmark_2_z,-0.08811099,-0.050594613,0.037516378,0.30664223
V2,34,V2_Feature_34,-0.5179857,-0.48734406,0.030641645,0.30560422
Geometry,34,relative_landmark_11_y,-0.5179857,-0.48734406,0.030641645,0.30560422
Geometry,101,normalized_landmark_12_z,-0.58333063,-0.63712394,0.05379331,0.30383086
V2,23,V2_Feature_23,-0.2361123,-0.27200234,0.035890043,0.300631
Geometry,23,relative_landmark_7_z,-0.2361123,-0.27200234,0.035890043,0.300631
Geometry,98,normalized_landmark_11_z,-0.5340246,-0.5852056,0.05118102,0.29937416
Geometry,153,pinky_segment_1,0.4614213,0.4902385,0.028817177,0.29919413
V2,103,V2_Feature_103,0.6690001,0.6981642,0.029164135,0.29646578
Geometry,150,ring_segment_1,0.59652543,0.6370159,0.04049045,0.29351157
Geometry,114,normalized_landmark_17_x,0.047809754,0.10314102,0.055331264,0.29122847
Geometry,164,joint_angle_4,3.0769618,3.0680501,0.00891161,0.2901595
V2,86,V2_Feature_86,0.97942734,0.97659075,0.002836585,0.29014975
V2,68,V2_Feature_68,0.2751069,0.2829875,0.007880598,0.28826645
Geometry,40,relative_landmark_13_y,-0.5104217,-0.49423873,0.01618296,0.28377852
V2,40,V2_Feature_40,-0.5104217,-0.49423873,0.01618296,0.28377852
V2,28,V2_Feature_28,-0.5850238,-0.57006204,0.014961779,0.28062657
Geometry,28,relative_landmark_9_y,-0.5850238,-0.57006204,0.014961779,0.28062657
Geometry,167,joint_angle_7,2.7443297,2.7931921,0.048862457,0.27787396
V2,89,V2_Feature_89,0.8735474,0.8891006,0.015553236,0.27787083
Geometry,97,normalized_landmark_11_y,-0.83607936,-0.79026145,0.04581791,0.27518365
V2,16,V2_Feature_16,-0.5980116,-0.583314,0.014697611,0.27463746
Geometry,16,relative_landmark_5_y,-0.5980116,-0.583314,0.014697611,0.27463746
Geometry,82,normalized_landmark_6_y,-1.2395782,-1.2159957,0.023582578,0.2740125
V2,94,V2_Feature_94,1.2100923,1.240931,0.030838728,0.26931167
Geometry,89,normalized_landmark_8_z,-0.47887594,-0.5317234,0.052847445,0.26607832
V2,8,V2_Feature_8,-0.054211617,-0.033996508,0.020215109,0.2624732
Geometry,8,relative_landmark_2_z,-0.054211617,-0.033996508,0.020215109,0.2624732
Geometry,7,relative_landmark_2_y,-0.28876215,-0.27158585,0.0171763,0.26091105
V2,7,V2_Feature_7,-0.28876215,-0.27158585,0.0171763,0.26091105
Geometry,156,wrist_to_tip_4,1.3710532,1.4386036,0.06755042,0.2605182
Geometry,126,tip_distance_0_4,1.3710532,1.4386036,0.06755042,0.2605182
Geometry,127,tip_distance_0_8,1.9569827,1.9848663,0.02788353,0.25967094
Geometry,157,wrist_to_tip_8,1.9569827,1.9848663,0.02788353,0.25967094
Geometry,37,relative_landmark_12_y,-0.4468412,-0.41232708,0.03451413,0.2552765
V2,37,V2_Feature_37,-0.4468412,-0.41232708,0.03451413,0.2552765
Geometry,74,normalized_landmark_3_z,-0.18247725,-0.14990313,0.032574117,0.24537177
Geometry,86,normalized_landmark_7_z,-0.38757804,-0.43157732,0.043999285,0.23851293
V2,70,V2_Feature_70,0.15158367,0.1556056,0.0040219277,0.23661801
V2,64,V2_Feature_64,0.22778505,0.23366123,0.0058761835,0.23516443
V2,39,V2_Feature_39,0.028230036,0.059516586,0.031286553,0.23432203
Geometry,39,relative_landmark_13_x,0.028230036,0.059516586,0.031286553,0.23432203
Geometry,115,normalized_landmark_17_y,-0.6499421,-0.62786794,0.022074163,0.22721122
Geometry,144,index_segment_1,0.44531938,0.45414126,0.008821875,0.22271924
Geometry,145,index_segment_2,0.29971448,0.30787224,0.00815776,0.22247224
Geometry,147,middle_segment_1,0.60998744,0.64270115,0.03271371,0.22242172
Geometry,20,relative_landmark_6_z,-0.16400458,-0.1879525,0.023947924,0.22183344
V2,20,V2_Feature_20,-0.16400458,-0.1879525,0.023947924,0.22183344
Geometry,102,normalized_landmark_13_x,0.04923614,0.09353752,0.044301376,0.21983092
Geometry,70,normalized_landmark_2_y,-0.46319163,-0.4408604,0.022331238,0.21208924
Geometry,19,relative_landmark_6_y,-0.7645188,-0.7561484,0.0083703995,0.20787215
V2,19,V2_Feature_19,-0.7645188,-0.7561484,0.0083703995,0.20787215
Geometry,100,normalized_landmark_12_y,-0.7183243,-0.6735567,0.04476762,0.20591372
V2,110,V2_Feature_110,0.55977845,0.56954646,0.009768009,0.19257548
V2,75,V2_Feature_75,0.55977845,0.56954646,0.009768009,0.19257548
V2,83,V2_Feature_83,0.9214476,0.9275701,0.0061225295,0.19137725
Geometry,161,joint_angle_1,2.8948133,2.9140475,0.01923418,0.1913741
Geometry,172,thumb_joint_angle_2,2.8948133,2.9140475,0.01923418,0.1913741
Geometry,106,normalized_landmark_14_y,-0.7993969,-0.77353305,0.025863826,0.1792819
V2,11,V2_Feature_11,-0.11100381,-0.09607074,0.014933072,0.17897052
Geometry,11,relative_landmark_3_z,-0.11100381,-0.09607074,0.014933072,0.17897052
Geometry,52,relative_landmark_17_y,-0.4015731,-0.39055604,0.011017054,0.1751553
V2,52,V2_Feature_52,-0.4015731,-0.39055604,0.011017054,0.1751553
Geometry,83,normalized_landmark_6_z,-0.26821166,-0.29649207,0.028280407,0.17260274
V2,87,V2_Feature_87,0.87131524,0.8810093,0.00969404,0.17245083
Geometry,165,joint_angle_5,2.7373178,2.767772,0.030454159,0.17244782
V2,54,V2_Feature_54,0.19883114,0.25021163,0.051380485,0.16974822
Geometry,54,relative_landmark_18_x,0.19883114,0.25021163,0.051380485,0.16974822
Geometry,43,relative_landmark_14_y,-0.4922705,-0.47905934,0.013211161,0.1622177
V2,43,V2_Feature_43,-0.4922705,-0.47905934,0.013211161,0.1622177
V2,42,V2_Feature_42,0.24371415,0.3007868,0.05707264,0.15508151
Geometry,42,relative_landmark_14_x,0.24371415,0.3007868,0.05707264,0.15508151
Geometry,85,normalized_landmark_7_y,-1.4366521,-1.4185277,0.018124342,0.15393981
Geometry,77,normalized_landmark_4_z,-0.269576,-0.24756847,0.02200754,0.15255055
Geometry,57,relative_landmark_19_x,0.31128824,0.37518957,0.063901335,0.1514082
V2,57,V2_Feature_57,0.31128824,0.37518957,0.063901335,0.1514082
V2,98,V2_Feature_98,0.6008821,0.6162223,0.015340209,0.14784701
Geometry,146,index_segment_3,0.24569474,0.24951072,0.0038159788,0.14507163
Geometry,117,normalized_landmark_18_x,0.34148726,0.40992597,0.06843871,0.14472549
V2,45,V2_Feature_45,0.37610227,0.44879228,0.07269001,0.14014891
Geometry,45,relative_landmark_15_x,0.37610227,0.44879228,0.07269001,0.14014891
V2,104,V2_Feature_104,0.7004332,0.71558166,0.015148461,0.13828205
V2,60,V2_Feature_60,0.3946245,0.46602228,0.07139778,0.13793808
Geometry,60,relative_landmark_20_x,0.3946245,0.46602228,0.07139778,0.13793808
Geometry,105,normalized_landmark_14_x,0.41573083,0.4938549,0.078124076,0.13527778
V2,27,V2_Feature_27,0.062351216,0.08421111,0.021859895,0.13314703
Geometry,27,relative_landmark_9_x,0.062351216,0.08421111,0.021859895,0.13314703
V2,48,V2_Feature_48,0.46380615,0.54624695,0.08244079,0.13224795
Geometry,48,relative_landmark_16_x,0.46380615,0.54624695,0.08244079,0.13224795
V2,67,V2_Feature_67,0.6489292,0.65815216,0.009222984,0.13109602
V2,108,V2_Feature_108,0.6489292,0.65815216,0.009222984,0.13109602
Geometry,120,normalized_landmark_19_x,0.53058046,0.6178847,0.087304235,0.13046034
V2,36,V2_Feature_36,0.48794028,0.5735613,0.08562103,0.13045628
Geometry,36,relative_landmark_12_x,0.48794028,0.5735613,0.08562103,0.13045628
Geometry,90,normalized_landmark_9_x,0.103456385,0.13502143,0.031565048,0.1280818
Geometry,33,relative_landmark_11_x,0.39944822,0.46969965,0.070251435,0.12629586
V2,33,V2_Feature_33,0.39944822,0.46969965,0.070251435,0.12629586
Geometry,108,normalized_landmark_15_x,0.6385092,0.7410154,0.10250616,0.12423371
Geometry,123,normalized_landmark_20_x,0.6704771,0.76999927,0.09952217,0.12030947
Geometry,99,normalized_landmark_12_x,0.82465893,0.95067304,0.12601411,0.120191015
Geometry,111,normalized_landmark_16_x,0.7851557,0.90501094,0.119855225,0.12016948
Geometry,138,tip_distance_8_16,1.0971583,1.1228719,0.025713563,0.120161675
V2,30,V2_Feature_30,0.27352858,0.32230234,0.048773766,0.11972618
Geometry,30,relative_landmark_10_x,0.27352858,0.32230234,0.048773766,0.11972618
Geometry,118,normalized_landmark_18_y,-0.6176979,-0.5983938,0.019304097,0.116811134
V2,55,V2_Feature_55,-0.3792523,-0.3684513,0.010801017,0.11679815
Geometry,55,relative_landmark_18_y,-0.3792523,-0.3684513,0.010801017,0.11679815
Geometry,76,normalized_landmark_4_y,-0.7052588,-0.72135204,0.016093254,0.114249684
Geometry,96,normalized_landmark_11_x,0.677157,0.77615494,0.09899795,0.11193206
Geometry,88,normalized_landmark_8_y,-1.6050614,-1.5895684,0.015493035,0.10711865
Geometry,10,relative_landmark_3_y,-0.37809828,-0.36985007,0.00824821,0.10627479
V2,10,V2_Feature_10,-0.37809828,-0.36985007,0.00824821,0.10627479
V2,22,V2_Feature_22,-0.88441736,-0.88085765,0.0035597086,0.104826175
Geometry,22,relative_landmark_7_y,-0.88441736,-0.88085765,0.0035597086,0.104826175
Geometry,93,normalized_landmark_10_x,0.464614,0.5300298,0.06541577,0.10217122
V2,65,V2_Feature_65,0.18268804,0.18550731,0.00281927,0.10003427
Geometry,141,thumb_segment_1,0.37048915,0.37565872,0.0051695704,0.098976314
V2,109,V2_Feature_109,0.62022847,0.6261824,0.005953908,0.09465203
V2,71,V2_Feature_71,0.62022847,0.6261824,0.005953908,0.09465203
V2,114,V2_Feature_114,0.1342182,0.13651387,0.002295673,0.086309
Geometry,13,relative_landmark_4_y,-0.43800545,-0.44495353,0.0069480836,0.08473324
V2,13,V2_Feature_13,-0.43800545,-0.44495353,0.0069480836,0.08473324
V2,17,V2_Feature_17,-0.07004369,-0.0767408,0.006697111,0.075484894
Geometry,17,relative_landmark_5_z,-0.07004369,-0.0767408,0.006697111,0.075484894
V2,14,V2_Feature_14,-0.16371082,-0.15739636,0.0063144565,0.07012906
Geometry,14,relative_landmark_4_z,-0.16371082,-0.15739636,0.0063144565,0.07012906
Geometry,112,normalized_landmark_16_y,-0.5785094,-0.59137625,0.012866855,0.06558867
Geometry,140,tip_distance_12_20,0.35659614,0.36344603,0.006849885,0.057528954
Geometry,73,normalized_landmark_3_y,-0.60656303,-0.5998749,0.006688118,0.052875843
V2,15,V2_Feature_15,0.12981017,0.14113177,0.011321604,0.05133887
Geometry,15,relative_landmark_5_x,0.12981017,0.14113177,0.011321604,0.05133887
Geometry,46,relative_landmark_15_y,-0.41804075,-0.41363773,0.004403025,0.047842864
V2,46,V2_Feature_46,-0.41804075,-0.41363773,0.004403025,0.047842864
V2,58,V2_Feature_58,-0.3430897,-0.33824578,0.0048439205,0.046605505
Geometry,58,relative_landmark_19_y,-0.3430897,-0.33824578,0.0048439205,0.046605505
Geometry,49,relative_landmark_16_y,-0.35552612,-0.3604599,0.0049337745,0.046019875
V2,49,V2_Feature_49,-0.35552612,-0.3604599,0.0049337745,0.046019875
Geometry,78,normalized_landmark_5_x,0.21511434,0.23008853,0.014974192,0.044744346
Geometry,21,relative_landmark_7_x,0.3118296,0.3312217,0.019392103,0.04244881
V2,21,V2_Feature_21,0.3118296,0.3312217,0.019392103,0.04244881
Geometry,18,relative_landmark_6_x,0.2409614,0.25633752,0.015376121,0.042039633
V2,18,V2_Feature_18,0.2409614,0.25633752,0.015376121,0.042039633
Geometry,109,normalized_landmark_15_y,-0.67974716,-0.67309356,0.006653607,0.03879107
Geometry,121,normalized_landmark_19_y,-0.5608984,-0.55350524,0.0073931813,0.038596883
V2,12,V2_Feature_12,0.4480737,0.46947452,0.02140084,0.038100764
Geometry,12,relative_landmark_4_x,0.4480737,0.46947452,0.02140084,0.038100764
Geometry,81,normalized_landmark_6_x,0.39640367,0.41685018,0.02044651,0.03682219
Geometry,66,normalized_landmark_1_x,0.35164818,0.33822203,0.013426155,0.03675703
Geometry,80,normalized_landmark_5_z,-0.11313211,-0.11792597,0.00479386,0.035580665
Geometry,84,normalized_landmark_7_x,0.51198566,0.5364117,0.024426043,0.035271794
Geometry,24,relative_landmark_8_x,0.3725398,0.39051086,0.017971069,0.033930708
V2,24,V2_Feature_24,0.3725398,0.39051086,0.017971069,0.033930708
V2,3,V2_Feature_3,0.21045065,0.20306806,0.0073825866,0.033018474
Geometry,3,relative_landmark_1_x,0.21045065,0.20306806,0.0073825866,0.033018474
Geometry,139,tip_distance_8_20,1.1398706,1.14572,0.0058493614,0.031524897
Geometry,169,joint_angle_9,2.865702,2.869477,0.0037751198,0.030211205
V2,91,V2_Feature_91,0.91218114,0.91338277,0.0012016296,0.03021051
Geometry,75,normalized_landmark_4_x,0.75743085,0.7810545,0.023623645,0.025875218
Geometry,87,normalized_landmark_8_x,0.6103836,0.63103604,0.020652413,0.025754975
Geometry,25,relative_landmark_8_y,-0.9871035,-0.9863649,0.00073862076,0.021963648
V2,25,V2_Feature_25,-0.9871035,-0.9863649,0.00073862076,0.021963648
Geometry,69,normalized_landmark_2_x,0.51682997,0.50635725,0.010472715,0.018226568
Geometry,9,relative_landmark_3_x,0.3875821,0.3954406,0.007858515,0.016760502
V2,9,V2_Feature_9,0.3875821,0.3954406,0.007858515,0.016760502
Geometry,131,tip_distance_4_8,0.99386954,0.9971991,0.003329575,0.012957207
V2,106,V2_Feature_106,0.2245755,0.22547942,0.00090391934,0.010492252
V2,6,V2_Feature_6,0.30772027,0.3043503,0.003369987,0.009532116
Geometry,6,relative_landmark_2_x,0.30772027,0.3043503,0.003369987,0.009532116
Geometry,124,normalized_landmark_20_y,-0.51648295,-0.5180002,0.0015172362,0.0072486936
Geometry,61,relative_landmark_20_y,-0.3148959,-0.3143836,0.0005123019,0.004529542
V2,61,V2_Feature_61,-0.3148959,-0.3143836,0.0005123019,0.004529542
Geometry,142,thumb_segment_2,0.2991666,0.29940397,0.0002373755,0.003675973
Geometry,72,normalized_landmark_3_x,0.6555255,0.6577752,0.0022497177,0.0029450445
V2,2,V2_Feature_2,0.0,0.0,0.0,0.0
V2,0,V2_Feature_0,0.0,0.0,0.0,0.0
V2,1,V2_Feature_1,0.0,0.0,0.0,0.0
Geometry,64,normalized_landmark_0_y,0.0,0.0,0.0,0.0
Geometry,63,normalized_landmark_0_x,0.0,0.0,0.0,0.0
Geometry,1,relative_landmark_0_y,0.0,0.0,0.0,0.0
Geometry,0,relative_landmark_0_x,0.0,0.0,0.0,0.0
Geometry,65,normalized_landmark_0_z,0.0,0.0,0.0,0.0
Geometry,2,relative_landmark_0_z,0.0,0.0,0.0,0.0
